,player1_id,player2_id,player1_skill,player2_skill,winner_id
0,1066,414,128.0,178.8,1066
1,304,893,182.6,148.0,893
2,544,893,210.4,148.0,544
3,1158,1011,168.0,207.6,1011
4,22,154,288.6,231.4,154
5,22,154,288.6,231.4,154
6,1099,809,290.8,213.0,1099
7,298,399,298.0,223.6,298
8,22,593,290.8,305.6,593
9,347,298,292.4,298.0,347
10,22,154,289.6,225.4,154
11,69,981,216.0,124.0,69
12,877,269,196.0,159.8,269
13,103,370,204.0,180.2,103
14,894,1238,251.0,187.8,894
15,56,154,320.8,234.6,56
16,238,164,211.8,222.2,164
17,69,398,219.4,211.8,398
18,412,1291,230.2,233.6,1291
19,113,437,203.2,258.0,437
20,144,51,168.0,227.8,144
21,504,861,181.8,241.2,504
22,504,861,181.8,241.2,504
23,1186,192,161.4,129.6,192
24,1021,572,242.2,263.2,1021
25,624,376,241.6,279.2,376
26,376,766,279.0,245.0,766
27,31,773,180.2,155.0,31
28,869,766,298.6,250.2,766
29,301,896,171.4,185.2,301
30,143,243,264.6,181.6,243
31,143,243,264.6,181.6,243
32,1337,248,286.8,240.2,1337
33,159,1293,143.2,236.4,1293
34,930,766,323.0,258.2,766
35,1021,1312,244.8,262.4,1312
36,1263,667,226.4,281.6,667
37,606,1072,256.0,241.6,606
38,606,1181,257.6,242.2,606
39,1072,80,240.0,149.0,1072
40,1287,667,224.8,281.6,667
41,46,845,180.8,189.0,46
42,1068,837,222.4,215.8,1068
43,1132,164,121.8,215.8,164
44,1330,342,131.0,81.2,342
45,1021,988,245.0,230.0,1021
46,538,1312,173.0,263.8,1312
47,1334,1134,220.6,131.8,1334
48,571,231,299.2,268.0,231
49,1021,997,249.0,290.2,1021
50,284,269,167.6,170.0,284
51,1293,696,229.6,125.8,696
52,1293,696,229.6,125.8,696
53,662,243,118.6,164.4,243
54,1376,535,164.8,128.2,535
55,348,608,282.2,203.6,608
56,1082,608,305.6,210.0,608
57,428,1187,137.8,223.6,1187
58,77,89,173.6,196.0,77
59,1314,338,,262.4,338
60,338,548,263.8,207.8,548
61,1314,842,180.8,143.0,1314
62,722,31,190.6,178.2,31
63,1147,593,294.6,304.0,593
64,1221,947,192.4,188.8,947
65,1340,254,236.8,296.6,254
66,875,837,287.6,198.0,837
67,1007,1106,278.6,189.2,1106
68,1007,1106,278.6,189.2,1106
69,755,1362,129.2,211.0,1362
70,961,396,245.2,193.0,961
71,22,965,280.8,283.6,965
72,916,232,245.2,217.4,232
73,695,943,306.6,332.4,943
74,527,1128,117.8,144.2,1128
75,1404,470,197.2,226.4,470
76,191,766,215.8,264.2,766
77,104,340,299.8,211.2,104
78,467,873,156.2,123.2,467
79,104,134,295.4,273.4,104
80,580,1236,147.8,,1236
81,265,1090,284.2,206.4,1090
82,104,340,294.4,213.4,104
83,1076,1325,242.6,231.6,1325
84,974,1263,216.2,229.0,974
85,1151,378,262.8,278.6,378
86,632,416,166.4,145.0,632
87,1383,632,255.2,167.8,1383
88,315,340,300.6,206.0,315
89,265,864,279.2,217.2,265
90,378,269,274.4,179.6,269
91,1366,491,131.4,162.0,491
92,695,315,311.0,300.2,695
93,315,470,300.2,236.8,315
94,315,470,300.2,236.8,315
95,1263,1366,220.0,132.2,1263
96,376,240,289.6,217.8,240
97,381,491,240.2,163.2,381
98,580,723,145.8,197.0,580
99,580,723,145.8,197.0,580
100,22,240,279.2,221.4,22
101,81,1236,199.0,245.8,1236
102,1263,873,211.2,123.4,1263
103,1263,873,211.2,123.4,1263
104,1018,134,229.2,276.2,134
105,520,961,237.6,246.0,520
106,381,240,242.4,224.6,381
107,856,1236,184.2,239.6,1236
108,255,3,307.8,242.6,255
109,255,3,307.8,242.6,255
110,1097,938,122.2,111.2,938
111,602,842,259.0,144.6,602
112,602,842,259.0,144.6,602
113,255,1188,306.0,212.4,255
114,177,1326,177.6,114.0,177
115,908,576,264.6,292.4,576
116,163,723,230.0,201.0,723
117,1188,320,215.2,203.0,1188
118,1188,380,219.6,299.2,380
119,592,18,262.6,217.6,18
120,1193,1362,275.2,209.8,1362
121,515,837,273.0,198.4,515
122,501,375,147.6,241.8,375
123,406,210,109.2,200.0,406
124,544,375,208.8,242.0,375
125,593,1233,307.0,276.0,593
126,593,1233,307.0,277.8,1233
127,481,210,118.6,166.6,210
128,1334,375,234.2,240.0,1334
129,740,1395,288.6,222.4,740
130,1334,173,240.0,217.2,1334
131,1193,1349,264.0,168.6,1193
132,1193,1349,264.0,168.6,1193
133,1193,173,264.2,220.4,1193
134,593,155,307.0,289.2,593
135,899,565,260.2,185.2,565
136,1385,1323,161.0,147.4,1323
137,1309,565,275.2,179.6,1309
138,1309,565,275.2,179.6,1309
139,145,1236,196.6,254.4,145
140,51,423,227.2,287.8,51
141,580,1003,150.2,134.4,580
142,1380,910,85.2,142.2,910
143,1380,910,85.2,142.2,910
144,580,486,155.8,235.6,486
145,1193,380,270.0,298.4,380
146,1036,378,285.4,301.0,1036
147,793,1406,192.4,127.6,793
148,553,200,209.8,134.2,553
149,788,381,320.6,245.4,788
150,788,1265,320.8,261.4,1265
151,457,805,271.6,176.4,457
152,1001,457,233.4,269.2,457
153,173,809,216.6,212.4,173
154,922,596,182.4,146.2,922
155,588,407,269.0,185.8,407
156,169,710,135.0,107.6,710
157,1036,751,289.8,293.2,751
158,571,173,298.0,221.4,571
159,862,130,176.6,143.0,862
160,681,215,100.2,127.4,215
161,593,1193,306.8,277.4,593
162,584,1311,83.8,183.6,1311
163,584,1311,83.8,183.6,1311
164,875,238,283.0,220.2,875
165,381,127,237.2,157.0,381
166,381,127,237.2,157.0,381
167,1188,230,220.2,183.0,230
168,788,173,312.6,217.2,173
169,788,173,312.6,217.2,173
170,986,1380,189.6,86.6,986
171,986,1380,189.6,86.6,986
172,869,293,296.8,244.6,869
173,736,300,135.2,197.4,300
174,869,18,296.8,229.0,18
175,695,1279,323.8,287.6,695
176,1302,947,137.8,196.0,947
177,695,129,324.2,275.8,695
178,960,695,285.4,324.2,695
179,960,695,285.4,324.2,695
180,896,797,176.6,170.4,896
181,1267,173,117.6,215.4,1267
182,1267,173,117.6,215.4,1267
183,1267,1069,121.4,196.4,1069
184,1062,883,185.0,263.4,883
185,1217,1036,203.2,299.0,1036
186,371,1069,185.0,195.4,1069
187,103,381,205.4,244.4,381
188,675,1036,262.4,301.2,1036
189,584,876,83.0,181.4,584
190,606,569,268.4,235.8,606
191,601,1122,125.2,231.2,1122
192,601,1122,125.2,231.2,1122
193,722,997,194.4,276.0,997
194,722,997,194.4,276.0,997
195,580,1132,138.0,120.2,1132
196,744,909,262.6,246.8,744
197,744,960,262.6,294.6,744
198,1387,873,173.4,114.2,1387
199,151,723,288.6,227.6,151
200,968,547,264.0,201.2,547
201,120,1036,286.8,300.4,1036
202,162,695,301.2,324.0,162
203,0,143,225.8,,143
204,37,0,277.2,224.8,37
205,1357,871,142.2,112.4,1357
206,100,584,122.4,84.6,584
207,566,873,154.0,108.2,873
208,122,1092,171.8,146.6,122
209,767,940,304.8,243.8,940
210,1232,122,199.0,171.2,1232
211,1217,588,203.0,258.4,588
212,719,825,310.6,267.4,825
213,74,470,219.6,231.0,470
214,811,695,293.0,324.2,695
215,606,85,276.2,210.8,85
216,715,685,180.4,158.2,685
217,1279,129,286.8,271.0,129
218,888,809,270.6,218.6,888
219,516,388,244.0,149.6,388
220,376,555,282.6,192.8,555
221,1069,300,190.8,172.6,1069
222,333,769,95.6,116.0,769
223,359,1069,247.8,188.6,359
224,464,524,240.4,154.4,464
225,1048,290,274.0,267.2,1048
226,582,873,149.4,112.2,873
227,873,297,116.4,133.2,873
228,135,320,273.6,209.6,135
229,516,814,240.0,170.8,516
230,1030,1024,220.6,286.2,1024
231,433,173,311.2,213.8,433
232,260,652,100.0,152.4,260
233,495,1272,198.0,241.4,1272
234,789,421,244.0,247.0,789
235,1028,173,183.8,214.8,173
236,1164,1174,23.0,72.0,1174
237,248,703,229.4,178.0,248
238,913,72,263.2,267.2,913
239,516,873,240.0,117.2,516
240,516,873,240.0,117.2,516
241,1140,292,124.2,85.2,1140
242,679,320,257.2,216.0,320
243,877,8,195.8,231.6,877
244,697,509,120.8,220.6,509
245,319,416,164.4,149.0,319
246,84,325,152.0,237.2,325
247,349,288,206.8,164.2,349
248,813,238,277.6,242.2,238
249,715,457,182.4,270.2,715
250,848,860,160.8,224.2,860
251,163,509,219.4,218.4,509
252,1290,1192,167.2,128.2,1290
253,1301,288,118.2,163.2,1301
254,1328,349,174.4,202.4,349
255,563,1046,192.4,146.0,563
256,321,180,279.6,197.2,180
257,366,715,266.8,186.0,715
258,226,269,203.6,193.0,226
259,1055,340,136.8,207.2,1055
260,597,1349,167.8,168.0,597
261,635,958,246.6,169.6,635
262,345,1328,163.2,176.8,1328
263,371,412,186.6,226.0,412
264,1390,509,281.4,194.2,1390
265,1390,509,281.4,194.2,1390
266,1390,269,283.4,199.0,1390
267,864,140,226.6,219.0,864
268,1331,1393,162.4,222.0,1393
269,1097,1387,180.6,170.6,1097
270,431,576,321.2,296.2,576
271,22,371,285.2,188.8,22
272,387,515,283.6,247.4,387
273,22,1395,282.0,216.6,22
274,597,749,153.4,189.0,597
275,152,1218,241.2,180.8,152
276,1263,1236,213.8,242.2,1236
277,967,927,192.6,175.0,927
278,571,1236,307.2,251.2,571
279,1180,1134,207.6,156.2,1180
280,529,669,205.2,125.8,529
281,551,537,119.0,97.8,537
282,1000,82,161.8,222.4,82
283,4,965,337.8,300.6,965
284,715,835,193.2,237.0,715
285,236,1244,129.0,199.2,236
286,120,1097,290.2,178.4,120
287,120,1097,290.2,178.4,120
288,1073,1238,116.6,212.0,1238
289,298,173,284.8,226.2,173
290,182,269,238.4,200.2,182
291,120,1395,291.8,212.4,120
292,366,715,265.0,196.2,715
293,561,608,256.6,214.6,561
294,643,1314,196.2,186.6,643
295,1240,1030,204.2,221.6,1240
296,298,362,277.0,225.0,298
297,643,1403,195.8,208.4,643
298,1298,568,165.8,132.0,1298
299,349,1280,209.0,248.8,1280
300,68,86,255.8,165.0,68
301,298,182,278.6,242.8,182
302,421,875,242.4,280.2,875
303,1393,965,225.4,303.2,965
304,344,671,261.4,276.6,344
305,1105,329,310.2,223.0,1105
306,400,349,236.6,208.2,400
307,1297,1260,214.8,131.2,1297
308,573,1021,255.4,243.6,573
309,925,431,300.2,319.0,925
310,1139,194,164.8,230.0,194
311,557,927,239.8,177.6,927
312,261,421,280.0,246.6,421
313,112,1260,143.6,131.0,1260
314,143,1200,277.6,207.0,143
315,1097,1128,172.2,140.0,1097
316,1134,1132,160.0,137.6,1132
317,1145,941,168.6,220.0,941
318,696,382,132.0,149.4,696
319,575,672,140.0,133.8,575
320,176,658,140.0,168.6,658
321,1403,340,214.0,190.4,1403
322,997,340,292.2,190.8,997
323,997,340,292.2,190.8,997
324,1004,1252,301.8,333.4,1252
325,575,496,136.8,165.2,496
326,1312,965,274.8,316.4,1312
327,920,470,328.4,245.2,920
328,875,470,292.2,241.8,470
329,1314,676,181.4,133.2,1314
330,268,376,203.6,266.2,376
331,933,482,112.4,216.2,482
332,933,482,112.4,216.2,482
333,1080,988,296.6,237.2,1080
334,1080,988,296.6,237.2,1080
335,268,666,200.0,116.6,268
336,571,671,305.2,267.6,671
337,1066,1356,127.0,133.8,1356
338,268,1312,200.0,276.0,1312
339,896,1356,171.8,133.8,896
340,1353,931,107.2,187.8,931
341,198,380,228.8,297.2,380
342,380,1040,299.4,214.8,380
343,422,470,179.4,238.6,470
344,661,498,261.0,228.4,661
345,219,896,136.8,174.8,896
346,539,548,229.4,197.0,539
347,955,181,,193.6,181
348,440,575,199.4,129.0,440
349,502,831,193.2,306.0,831
350,502,831,193.2,306.0,831
351,955,1386,174.0,192.8,1386
352,991,1337,207.4,268.8,1337
353,1097,1048,167.8,272.6,1048
354,1097,1048,167.8,272.6,1048
355,769,1260,115.8,126.4,1260
356,612,1208,137.4,224.2,612
357,163,1337,237.4,265.0,1337
358,468,13,167.2,108.8,468
359,1194,867,264.4,172.8,1194
360,1194,867,264.4,172.8,1194
361,515,334,256.2,223.6,334
362,527,887,121.8,194.6,527
363,1146,1046,123.8,129.4,1146
364,1,654,185.0,151.2,654
365,264,634,112.2,,264
366,264,634,112.2,,264
367,990,872,264.6,253.2,990
368,153,20,171.2,227.6,20
369,283,153,176.8,171.2,153
370,1105,1080,310.2,292.8,1080
371,156,1273,114.2,177.0,1273
372,113,1372,211.4,175.0,113
373,13,558,104.2,145.8,13
374,1334,1377,241.0,203.0,1377
375,1201,634,248.4,179.2,1201
376,906,818,265.0,221.6,906
377,1146,865,124.0,97.6,1146
378,519,381,281.2,234.0,381
379,832,1377,277.8,202.2,832
380,832,102,278.2,215.0,832
381,1021,153,250.4,174.0,153
382,872,1230,253.0,262.4,1230
383,1156,1090,140.2,209.6,1090
384,748,353,200.8,212.6,353
385,1334,597,230.8,153.0,1334
386,1146,276,120.8,219.2,1146
387,1000,1236,164.0,247.4,1236
388,1171,324,302.0,189.4,1171
389,1171,324,302.0,189.4,1171
390,916,211,249.6,292.2,211
391,1294,698,254.0,194.2,1294
392,1316,859,190.8,257.8,859
393,1334,1036,235.4,288.4,1334
394,777,1047,210.6,211.8,1047
395,254,1236,294.8,254.0,1236
396,13,1303,102.4,200.0,1303
397,13,1303,102.4,200.0,1303
398,879,1334,294.4,241.8,1334
399,165,312,156.0,115.2,312
400,401,1129,200.4,109.8,401
401,401,1129,200.4,109.8,401
402,529,442,202.2,158.0,529
403,254,1236,290.4,257.2,1236
404,875,293,298.6,236.0,293
405,1334,619,249.6,153.8,1334
406,991,632,206.6,166.2,991
407,1184,1052,282.4,273.0,1184
408,1214,1047,217.0,226.2,1214
409,1334,118,252.0,191.8,1334
410,1334,118,252.0,191.8,1334
411,991,576,215.0,299.6,991
412,580,24,140.2,169.4,580
413,724,60,106.4,203.2,60
414,991,138,215.8,263.2,138
415,1236,320,281.0,214.4,1236
416,991,372,215.0,145.8,991
417,991,372,215.0,145.8,991
418,1184,1036,286.0,286.6,1036
419,965,320,320.8,219.2,965
420,965,320,320.8,219.2,965
421,964,719,244.0,307.6,964
422,612,253,144.8,216.6,253
423,719,60,303.0,211.2,719
424,1018,1219,240.0,203.0,1018
425,1184,719,286.0,303.2,719
426,781,1024,214.0,287.4,781
427,719,398,303.2,218.0,719
428,1215,902,280.6,217.8,1215
429,424,625,137.6,170.6,625
430,464,1018,240.8,241.2,464
431,724,962,107.2,213.4,962
432,724,962,107.2,213.4,962
433,1146,1286,124.6,139.2,1146
434,747,1366,216.0,131.8,747
435,715,960,203.8,283.6,960
436,1350,1090,287.8,201.2,1350
437,1279,95,282.8,269.0,1279
438,129,1033,257.8,202.4,129
439,1141,970,148.0,242.2,970
440,1383,1219,246.4,208.8,1383
441,104,22,289.8,270.2,22
442,781,442,226.4,174.8,781
443,804,490,205.0,243.2,490
444,480,504,292.6,211.4,480
445,152,892,250.4,160.0,152
446,596,666,152.6,120.2,666
447,715,1024,207.8,294.2,1024
448,1380,982,85.4,232.2,982
449,1380,982,85.4,232.2,982
450,20,1025,222.8,130.8,20
451,1165,60,332.6,224.2,60
452,1165,60,332.6,224.2,60
453,571,763,307.0,249.4,571
454,819,1090,284.4,206.8,819
455,547,997,210.8,272.8,997
456,375,134,252.4,282.0,375
457,1383,308,249.8,178.6,1383
458,290,927,260.2,189.2,
459,787,981,100.0,110.2,981
460,1189,504,292.2,210.2,504
461,897,927,280.0,208.8,897
462,471,1263,180.6,224.6,1263
463,708,593,258.0,307.0,593
464,708,593,258.0,307.0,593
465,1077,160,295.0,179.4,1077
466,1077,160,295.0,179.4,1077
467,490,1263,257.4,223.2,1263
468,1361,981,131.4,112.0,1361
469,856,1228,195.8,,856
470,1361,471,133.0,184.8,471
471,1361,781,143.6,227.4,781
472,817,1123,152.6,187.8,1123
473,1387,680,177.2,136.2,1387
474,1156,1228,152.8,240.0,1228
475,1156,1228,152.8,240.0,1228
476,1397,1389,246.2,167.2,1397
477,423,851,289.8,212.4,851
478,1172,1228,164.2,241.2,1228
479,1279,895,284.2,229.8,895
480,449,656,177.4,200.0,449
481,1392,152,218.0,270.6,1392
482,493,152,197.6,267.4,152
483,232,1314,222.4,181.4,232
484,204,1065,141.2,227.6,1065
485,204,1065,141.2,227.6,1065
486,457,1033,261.4,188.2,457
487,856,682,203.2,264.6,682
488,434,1064,189.2,119.6,434
489,775,17,188.0,283.0,775
490,1080,547,306.6,216.0,1080
491,64,423,223.6,298.0,423
492,468,966,170.8,294.2,966
493,468,966,170.8,294.2,966
494,493,1027,,183.2,493
495,1172,1407,171.4,213.8,1407
496,424,666,130.8,119.4,424
497,660,426,128.8,89.6,660
498,431,711,324.0,338.0,431
499,54,1106,285.4,194.0,54
500,682,449,267.8,184.4,449
501,138,1067,261.8,287.4,1067
502,148,449,250.2,188.0,148
503,129,155,255.0,283.4,129
504,695,757,320.2,310.6,695
505,1315,423,324.2,300.2,1315
506,434,291,189.6,162.4,291
507,390,365,241.8,164.2,390
508,782,61,200.0,107.2,782
509,295,1123,182.0,203.6,1123
510,444,1053,114.8,209.2,444
511,659,1084,240.0,153.6,659
512,747,947,216.2,200.4,747
513,872,295,241.0,177.4,872
514,1233,410,281.2,226.4,1233
515,856,667,222.8,259.6,856
516,433,872,303.2,248.4,872
517,1148,947,253.4,198.6,947
518,872,460,249.0,187.0,872
519,897,1148,283.2,250.8,1148
520,716,334,280.0,225.2,716
521,1148,973,255.8,182.4,1148
522,361,611,137.8,110.8,611
523,1148,25,255.8,169.8,1148
524,279,71,225.8,128.0,279
525,279,71,225.8,128.0,279
526,856,1067,221.8,275.4,856
527,195,1236,152.4,251.0,1236
528,602,1236,267.4,246.6,602
529,1018,460,238.2,191.8,1018
530,997,1123,275.8,211.0,997
531,856,387,242.8,303.4,856
532,1123,962,212.8,196.4,1123
533,59,1123,175.0,212.8,1123
534,644,1367,127.6,219.0,644
535,644,1367,127.6,219.0,644
536,1148,1233,253.0,268.4,1148
537,1193,947,282.6,204.6,1193
538,770,472,231.2,164.8,770
539,567,984,130.6,215.6,984
540,856,792,253.0,322.2,856
541,856,792,253.0,322.8,856
542,249,273,122.2,208.4,273
543,451,187,220.0,134.8,451
544,348,962,285.6,192.8,348
545,1139,395,158.8,115.2,1139
546,945,1070,231.4,197.8,945
547,557,962,267.2,183.4,962
548,187,1123,147.8,206.8,1123
549,480,380,290.0,294.8,480
550,213,680,254.4,132.6,213
551,213,680,254.4,132.6,213
552,238,277,247.0,188.6,238
553,209,149,129.8,145.2,209
554,1265,1352,275.6,263.2,1265
555,853,1347,275.0,241.0,1347
556,769,1123,123.6,212.0,1123
557,204,1098,157.0,158.2,204
558,1351,19,295.4,222.8,1351
559,1130,1123,280.0,206.8,1130
560,120,164,293.4,212.6,120
561,717,1258,172.8,217.2,1258
562,289,58,288.6,222.2,289
563,962,10,187.0,134.6,962
564,15,962,213.0,187.0,962
565,1262,823,200.0,124.6,1262
566,44,1130,303.6,286.4,1130
567,371,1350,197.8,292.2,1350
568,44,1127,299.6,235.0,1127
569,1080,1123,308.2,208.6,1080
570,424,1103,119.0,178.8,1103
571,359,1103,230.6,182.2,1103
572,124,154,288.0,241.0,154
573,1163,1234,259.6,186.4,1234
574,990,657,264.6,192.0,657
575,1198,1092,125.0,141.4,1092
576,1056,1092,233.2,143.0,1092
577,133,581,101.8,201.8,581
578,133,581,101.8,201.8,581
579,571,1188,300.6,232.4,1188
580,1198,784,123.4,198.0,784
581,497,1365,151.2,216.4,1365
582,393,1188,270.4,221.4,1188
583,558,452,106.6,202.2,452
584,120,556,292.0,187.0,120
585,1408,162,205.0,296.4,162
586,204,608,157.2,209.2,608
587,204,608,157.2,209.2,608
588,997,1074,263.2,186.8,997
589,441,269,285.8,216.2,441
590,1314,1139,184.8,176.8,1314
591,1204,133,162.6,108.8,1204
592,678,499,105.4,200.0,499
593,441,1328,289.6,196.0,441
594,801,34,330.4,320.6,34
595,238,242,248.2,254.0,242
596,1363,323,187.4,135.2,1363
597,506,228,136.4,182.8,506
598,961,170,240.0,159.8,961
599,156,350,112.6,200.0,156
600,26,639,150.2,83.0,26
601,285,577,174.0,160.4,285
602,515,170,240.0,162.6,170
603,56,1123,310.4,236.0,1123
604,56,1123,310.4,236.0,1123
605,1257,152,211.0,281.4,1257
606,152,1345,281.4,193.0,152
607,1146,1116,124.8,140.0,1146
608,22,1123,297.2,239.6,22
609,1021,87,282.8,282.6,87
610,552,1317,162.8,,1317
611,322,639,203.4,86.8,322
612,178,198,142.4,224.0,198
613,178,198,142.4,224.0,198
614,322,639,203.4,86.8,322
615,457,190,258.4,194.0,190
616,677,781,286.8,226.8,677
617,22,87,295.4,280.8,87
618,864,358,231.8,221.8,864
619,431,1061,324.2,288.6,431
620,1392,864,218.8,240.0,1392
621,864,1134,238.2,181.4,864
622,792,1123,316.4,228.6,792
623,515,231,250.4,267.0,231
624,1392,866,226.4,170.2,1392
625,1380,1239,85.2,204.2,1239
626,1380,1239,85.2,204.2,1239
627,1154,843,204.0,155.0,843
628,590,1223,273.4,217.6,590
629,1314,1057,178.6,169.8,1314
630,429,686,152.0,197.4,686
631,411,210,,152.4,411
632,195,516,151.6,240.0,516
633,1285,1187,224.4,225.8,1187
634,1218,1123,176.6,225.0,1123
635,431,997,323.4,255.2,431
636,1313,46,119.8,191.0,46
637,1313,46,119.8,191.0,46
638,711,965,334.8,320.6,711
639,1168,170,204.8,170.6,170
640,833,761,179.2,158.8,833
641,44,1026,292.0,225.0,44
642,675,5,243.6,143.0,675
643,675,5,243.6,143.0,675
644,1270,256,290.0,223.2,256
645,108,1117,334.8,282.2,1117
646,36,813,287.4,270.2,813
647,1080,256,301.8,226.8,1080
648,108,114,334.8,252.2,108
649,108,452,334.8,199.6,108
650,108,452,334.8,199.6,108
651,516,1177,240.0,173.4,1177
652,516,1177,240.0,173.4,1177
653,108,573,333.2,258.4,108
654,1278,553,206.6,214.2,1278
655,1194,964,263.4,244.0,964
656,955,991,176.2,227.8,955
657,533,284,146.2,160.4,284
658,1256,1296,209.4,216.0,1256
659,499,1337,203.4,295.0,1337
660,1021,1368,261.2,161.8,1021
661,1021,1368,261.2,161.8,1021
662,391,1353,134.8,102.8,391
663,1337,667,284.6,250.4,1337
664,1404,1027,196.8,186.2,1027
665,1021,1027,262.2,187.0,1021
666,987,1139,236.8,181.0,1139
667,515,196,281.2,229.8,515
668,471,686,178.8,194.0,686
669,412,965,251.2,318.2,965
670,1054,668,222.4,145.0,668
671,302,645,200.8,101.8,645
672,302,1129,200.8,104.2,302
673,302,1129,200.8,104.2,302
674,1029,799,245.2,173.6,1029
675,263,1146,172.8,116.0,1146
676,275,799,268.0,176.4,275
677,77,61,168.0,95.0,77
678,183,1001,160.6,234.0,1001
679,708,668,240.4,145.0,708
680,708,668,240.4,145.0,708
681,610,1314,282.0,189.0,610
682,708,231,240.6,269.0,231
683,677,1040,290.6,222.6,1040
684,476,541,122.2,138.0,476
685,119,1167,205.0,175.6,119
686,1021,222,253.2,149.4,1021
687,1021,222,253.2,149.4,1021
688,61,790,92.6,192.2,790
689,61,790,92.6,192.2,790
690,306,799,149.6,157.2,306
691,1021,77,253.4,178.0,1021
692,457,190,263.6,204.8,457
693,457,190,263.6,204.8,457
694,502,975,201.4,236.6,502
695,487,136,119.8,195.0,487
696,991,460,233.6,199.2,991
697,1021,951,252.0,216.2,1021
698,610,492,286.8,192.0,610
699,39,402,124.2,100.0,402
700,343,450,178.2,210.4,343
701,61,640,90.8,222.6,640
702,61,640,90.8,222.6,640
703,487,334,124.2,220.0,334
704,54,334,280.0,220.4,54
705,54,334,280.0,220.4,54
706,925,1105,303.2,302.2,925
707,988,1323,243.0,174.0,1323
708,571,341,297.6,225.6,341
709,268,439,202.6,154.2,439
710,516,753,240.0,189.0,516
711,46,210,186.0,154.6,210
712,847,378,269.2,288.4,847
713,848,331,161.4,141.8,848
714,412,927,249.0,215.4,927
715,268,770,200.6,239.0,770
716,1007,1312,277.8,290.2,1312
717,1270,1216,283.2,194.8,1270
718,557,657,245.0,190.0,557
719,879,125,292.2,196.6,879
720,502,988,203.8,236.6,988
721,326,221,151.6,211.6,221
722,1081,349,267.4,223.8,349
723,878,589,279.6,221.4,589
724,282,584,198.4,93.0,282
725,282,584,198.4,93.0,282
726,781,231,249.2,269.6,231
727,1117,1280,282.4,255.4,1117
728,1302,462,133.2,184.4,462
729,280,1280,215.6,254.0,1280
730,1048,965,293.6,327.2,965
731,546,1280,196.2,256.8,1280
732,1265,66,276.6,207.2,1265
733,1369,66,279.2,207.2,1369
734,1015,323,228.4,133.6,323
735,1015,323,228.4,133.6,323
736,641,93,255.6,225.4,641
737,654,443,136.6,171.0,654
738,867,231,188.0,266.6,231
739,138,155,269.6,284.8,155
740,298,1035,281.0,204.4,1035
741,22,885,290.8,284.6,885
742,1048,1106,282.6,194.6,1106
743,354,508,118.8,162.8,354
744,991,1377,236.0,,991
745,926,1083,210.6,213.8,1083
746,1134,203,196.6,149.2,1134
747,1114,354,176.0,129.8,1114
748,879,433,290.2,298.0,433
749,174,641,225.4,262.8,174
750,254,576,277.0,287.4,254
751,366,96,276.6,213.0,366
752,879,965,294.2,333.2,965
753,366,1395,276.6,218.0,366
754,636,798,113.8,195.0,798
755,408,802,152.2,144.6,802
756,62,511,150.4,138.6,62
757,1355,1219,179.4,200.4,1219
758,254,813,283.2,274.4,254
759,1236,1219,273.0,206.6,1219
760,271,1169,308.0,,271
761,1157,262,321.2,246.6,1157
762,780,787,129.4,99.2,787
763,1398,883,157.0,,883
764,433,1153,297.4,201.6,433
765,1036,756,,219.0,1036
766,1036,756,278.6,219.0,1036
767,787,540,99.2,197.2,540
768,96,1024,212.6,291.2,1024
769,1067,231,264.8,271.8,231
770,781,110,249.8,178.2,781
771,212,229,253.8,291.8,212
772,991,86,233.2,175.8,86
773,1010,140,295.8,212.2,1010
774,505,336,125.8,118.4,505
775,506,1069,140.0,186.0,506
776,133,599,114.0,200.0,599
777,254,1225,284.2,222.6,254
778,562,86,209.2,181.4,86
779,526,285,165.8,173.2,285
780,1107,1222,194.6,138.8,1107
781,134,462,271.4,191.6,462
782,1015,676,200.0,130.4,676
783,1015,676,200.0,130.4,676
784,991,86,234.4,186.4,991
785,997,462,267.8,197.2,997
786,767,976,291.2,197.4,767
787,719,742,301.6,252.4,719
788,61,834,82.2,111.8,834
789,1007,997,283.8,268.4,997
790,296,1024,243.6,286.0,296
791,1041,787,108.2,99.4,1041
792,397,1309,188.8,265.6,1309
793,1136,834,195.8,111.2,1136
794,1314,30,183.8,156.0,1314
795,348,462,280.0,200.2,348
796,13,1119,116.0,130.8,13
797,661,1199,284.2,226.2,1199
798,532,1003,191.0,135.8,1003
799,897,101,280.6,191.8,897
800,1166,355,133.8,200.0,1166
801,197,1123,183.8,221.2,1123
802,1407,118,210.8,186.2,118
803,1248,269,187.6,225.2,269
804,447,355,100.8,188.8,447
805,118,98,189.4,171.2,118
806,447,754,100.8,207.8,447
807,447,754,100.8,207.8,447
808,750,754,134.6,207.8,750
809,719,341,302.4,227.2,341
810,283,1205,162.8,126.2,283
811,1182,603,167.2,180.4,1182
812,1066,1031,126.4,139.4,1066
813,916,202,236.6,179.8,916
814,692,157,165.6,175.0,692
815,20,210,,167.4,20
816,1277,476,200.0,121.6,1277
817,916,801,233.0,330.8,801
818,1139,173,200.8,225.6,173
819,22,1169,285.6,244.4,1169
820,173,378,232.0,285.2,378
821,1081,210,261.2,172.6,1081
822,716,1323,285.4,180.4,1323
823,716,1323,285.4,180.4,1323
824,688,592,318.4,264.4,688
825,80,208,156.2,178.2,80
826,268,1040,201.8,226.6,1040
827,602,1377,280.8,218.4,1377
828,275,1123,265.8,227.6,275
829,1139,1040,201.4,223.4,1040
830,1279,1236,289.4,261.0,1236
831,1377,646,221.8,193.8,1377
832,683,550,200.0,154.6,550
833,897,54,287.2,280.0,54
834,708,557,236.4,256.8,708
835,688,1193,306.6,288.0,688
836,616,628,123.8,111.0,628
837,1233,724,255.8,129.6,1233
838,1233,724,255.8,129.6,1233
839,1314,413,184.2,198.0,413
840,399,1292,224.2,169.0,399
841,778,1142,126.2,153.4,1142
842,688,493,312.0,225.0,688
843,1064,1037,108.2,109.0,1064
844,1342,1100,127.0,184.4,1342
845,801,711,327.0,340.0,711
846,1036,413,286.2,200.0,1036
847,375,122,244.2,170.8,375
848,81,1045,193.4,242.6,1045
849,523,402,97.4,112.6,402
850,1350,1139,296.8,204.8,1350
851,1350,588,298.2,265.2,588
852,897,1069,281.6,198.0,897
853,897,1069,281.6,198.0,897
854,961,1069,244.0,197.6,961
855,1084,1378,151.8,147.6,1378
856,585,1019,124.6,161.2,585
857,40,1191,162.0,131.2,40
858,54,880,280.0,178.8,54
859,54,880,280.0,178.8,54
860,21,691,123.0,157.4,691
861,35,1036,208.2,287.4,1036
862,68,210,256.6,173.8,68
863,750,837,157.8,205.0,837
864,1124,210,221.8,179.2,1124
865,88,380,217.0,292.0,88
866,420,210,242.6,184.0,420
867,1166,311,138.0,132.6,311
868,536,1236,184.0,262.2,1236
869,1233,1309,251.0,271.4,1309
870,1080,818,291.2,238.8,1080
871,1103,1236,209.2,259.8,1236
872,1103,1236,209.2,259.8,1236
873,1229,1236,182.2,258.0,1236
874,339,1193,264.8,288.6,1193
875,1175,139,145.8,127.2,1175
876,461,209,117.2,115.0,461
877,627,387,231.4,300.0,387
878,30,318,166.8,165.6,318
879,75,1155,224.2,139.8,75
880,960,75,293.6,224.4,960
881,848,1192,161.2,131.6,848
882,1084,654,151.0,135.4,654
883,1361,883,143.0,226.8,883
884,238,338,243.4,257.2,238
885,818,668,231.6,146.2,818
886,897,867,281.6,194.8,897
887,1061,1171,290.4,303.2,1061
888,1383,210,254.2,205.0,1383
889,1027,1306,190.2,142.0,1027
890,54,210,283.2,212.0,54
891,1350,210,292.8,212.0,1350
892,569,1383,228.2,259.6,569
893,238,586,234.0,169.6,586
894,238,586,234.0,169.6,586
895,1333,367,243.4,177.6,1333
896,1283,571,205.8,287.6,571
897,571,1213,288.0,206.8,571
898,1288,1283,216.8,207.6,1283
899,88,9,221.4,155.6,9
900,238,517,,176.6,238
901,1233,86,273.4,188.0,86
902,88,359,220.2,232.6,359
903,1361,691,145.4,154.4,1361
904,1233,1349,266.0,170.6,1233
905,1361,1069,141.2,188.2,1361
906,602,286,274.8,205.2,602
907,145,1069,208.8,180.0,145
908,896,420,191.0,255.2,896
909,424,237,126.4,136.2,424
910,464,896,243.0,194.2,464
911,1134,619,199.8,172.2,619
912,424,1111,126.8,182.6,1111
913,708,421,236.2,257.8,421
914,699,339,308.6,261.6,699
915,708,334,236.2,221.0,708
916,1038,9,156.0,167.6,9
917,177,808,128.2,208.0,177
918,727,146,150.8,163.2,146
919,554,823,202.4,128.8,823
920,516,725,240.0,179.6,516
921,1134,724,198.6,134.4,1134
922,862,808,175.0,169.6,862
923,1354,1367,241.8,179.4,1367
924,376,1209,297.8,233.4,376
925,569,306,231.0,159.8,569
926,1103,823,196.2,137.4,1103
927,1103,823,196.2,137.4,1103
928,925,431,299.0,322.8,431
929,1139,1247,215.6,131.0,1139
930,825,47,280.0,177.8,825
931,825,47,280.0,177.8,825
932,516,1134,240.6,201.2,1134
933,786,834,203.2,116.4,786
934,662,142,126.6,228.2,142
935,716,711,315.6,341.6,711
936,570,991,166.6,237.0,991
937,388,456,159.0,179.6,456
938,662,1057,,166.4,1057
939,360,959,135.6,180.0,959
940,1139,978,211.6,196.2,978
941,385,944,169.2,122.4,385
942,70,944,198.8,121.4,70
943,1055,946,142.8,177.8,1055
944,557,149,247.6,158.8,557
945,557,1234,247.6,196.8,557
946,516,470,242.2,232.0,516
947,470,978,229.0,187.8,470
948,303,518,119.2,160.4,303
949,1379,1329,230.4,182.2,1379
950,1335,725,206.6,189.2,725
951,229,725,278.8,189.2,229
952,1077,462,293.0,227.8,1077
953,1207,306,141.8,152.6,1207
954,305,924,281.8,303.2,924
955,190,80,191.4,163.6,80
956,242,1367,250.8,188.8,242
957,831,719,322.6,304.0,719
958,67,724,176.2,145.2,67
959,557,516,247.8,241.2,557
960,1180,41,218.6,275.6,41
961,635,1367,249.2,189.4,635
962,590,423,280.6,289.4,590
963,7,1024,319.4,283.6,1024
964,1022,548,273.8,187.6,1022
965,224,668,177.4,146.0,668
966,194,217,216.2,190.0,194
967,629,458,119.2,146.2,458
968,1337,150,274.0,250.4,150
969,201,1295,188.0,246.0,201
970,201,1295,188.0,246.0,201
971,352,150,250.8,253.0,150
972,983,105,193.4,,105
973,530,1025,187.4,122.6,530
974,590,1134,284.2,211.0,590
975,68,463,272.2,206.6,68
976,219,901,126.6,148.8,901
977,579,1233,170.2,259.6,1233
978,172,851,121.6,217.2,851
979,523,518,100.4,148.0,518
980,1162,423,196.2,291.2,423
981,379,1025,111.0,122.0,379
982,421,423,255.8,292.2,423
983,716,1005,307.6,263.0,1005
984,706,190,120.2,186.6,190
985,1252,716,320.8,314.4,1252
986,715,1094,241.8,150.8,715
987,183,462,,227.2,462
988,1314,375,174.6,242.4,375
989,281,462,176.8,227.8,462
990,246,1086,115.2,204.2,1086
991,579,149,169.6,155.4,149
992,642,1246,243.4,204.4,1246
993,1048,88,263.6,215.8,88
994,471,105,183.8,170.6,471
995,635,1383,259.8,247.2,635
996,630,1323,183.8,197.8,1323
997,1139,384,187.4,,1139
998,1312,965,284.0,333.8,965
999,1163,340,242.6,197.4,1163
1000,1156,686,160.6,183.4,686
1001,843,1103,151.8,190.8,1103
1002,1156,1103,159.2,190.8,1103
1003,1358,403,144.8,,403
1004,896,1014,185.8,130.6,896
1005,1036,423,289.6,281.6,1036
1006,371,1378,206.4,149.8,371
1007,68,965,285.0,333.6,965
1008,613,965,291.4,334.8,965
1009,1097,427,190.2,281.2,427
1010,1097,1377,192.8,223.6,1377
1011,1078,1014,164.0,122.6,1078
1012,542,988,328.0,256.8,542
1013,972,534,106.2,190.4,534
1014,897,1097,280.0,196.2,897
1015,201,825,191.4,287.8,825
1016,156,978,120.6,169.4,978
1017,1312,965,288.6,334.8,1312
1018,470,357,221.4,167.4,470
1019,716,1005,306.8,264.6,716
1020,1089,1280,214.0,261.4,1089
1021,965,320,328.0,244.8,320
1022,830,917,297.6,239.2,830
1023,737,1212,260.4,205.8,737
1024,1106,105,186.2,157.4,1106
1025,925,171,313.0,208.4,925
1026,925,171,313.0,208.4,925
1027,980,1139,288.0,190.8,980
1028,879,493,294.4,222.8,879
1029,478,1394,142.2,214.4,1394
1030,307,1069,290.8,199.6,307
1031,41,12,273.4,204.6,41
1032,268,320,206.2,259.0,320
1033,1312,12,289.0,203.4,1312
1034,960,20,289.6,217.4,960
1035,453,262,304.6,257.2,453
1036,453,262,304.6,257.2,453
1037,1021,171,257.6,196.2,171
1038,1021,171,257.6,196.2,171
1039,1139,146,188.8,164.2,1139
1040,126,462,304.2,238.2,126
1041,542,991,321.2,239.4,542
1042,36,847,279.2,270.2,847
1043,542,791,320.2,237.8,542
1044,960,531,285.4,186.2,960
1045,870,667,169.0,241.6,870
1046,1021,1158,246.8,166.4,1021
1047,1097,1324,204.8,212.4,1097
1048,997,171,260.8,199.8,997
1049,732,871,203.8,154.6,732
1050,716,111,309.4,216.6,716
1051,747,87,218.2,280.0,747
1052,588,60,296.0,225.8,588
1053,1263,969,226.4,146.4,1263
1054,995,647,200.0,141.8,995
1055,311,1241,145.0,170.6,311
1056,925,1233,308.0,273.0,925
1057,471,1304,197.8,162.4,471
1058,841,1244,157.2,108.8,841
1059,841,1244,157.2,108.8,841
1060,283,1048,190.0,263.2,1048
1061,1351,911,298.8,304.8,911
1062,747,965,224.0,319.2,965
1063,818,943,237.8,324.6,943
1064,1263,233,216.2,188.6,1263
1065,878,943,275.8,326.2,878
1066,425,1250,145.8,133.2,425
1067,1235,1177,262.2,175.6,1177
1068,1094,512,130.8,169.4,512
1069,324,672,196.8,121.8,324
1070,1097,542,208.2,321.0,542
1071,1097,542,208.2,321.0,542
1072,324,1167,197.2,173.4,1167
1073,516,230,248.2,194.0,230
1074,1024,230,290.2,199.6,230
1075,1024,230,290.2,199.6,230
1076,39,208,102.0,150.8,39
1077,701,121,327.6,278.4,121
1078,22,230,275.4,205.6,230
1079,897,171,280.0,208.0,171
1080,289,542,290.4,321.0,542
1081,701,155,327.6,293.0,701
1082,348,477,282.0,198.4,348
1083,348,477,282.0,198.4,348
1084,616,684,130.8,227.2,684
1085,897,1021,280.0,261.6,897
1086,1018,893,234.8,139.6,1018
1087,268,993,207.6,274.8,993
1088,268,993,207.6,274.8,993
1089,1402,1306,106.2,136.0,1402
1090,92,684,133.4,229.8,684
1091,92,684,133.4,229.8,684
1092,298,684,301.6,230.2,298
1093,692,1094,166.6,128.2,692
1094,900,107,313.4,283.0,900
1095,1209,672,220.8,127.2,1209
1096,516,48,248.4,145.2,516
1097,13,199,125.0,206.6,199
1098,1015,1301,200.0,127.4,1301
1099,708,965,247.8,309.8,965
1100,298,686,294.2,192.6,686
1101,493,690,217.8,171.6,690
1102,475,588,230.0,293.0,588
1103,766,966,269.0,298.6,966
1104,1052,356,287.6,229.4,1052
1105,948,1312,258.2,282.8,1312
1106,735,133,161.8,122.2,735
1107,771,694,107.8,200.0,694
1108,849,1132,181.0,145.2,849
1109,377,667,197.2,243.0,377
1110,1156,359,167.0,227.0,1156
1111,516,690,243.0,177.8,690
1112,822,873,149.8,107.2,873
1113,1276,538,200.6,168.4,1276
1114,701,1147,328.6,287.6,1147
1115,471,152,194.6,275.0,471
1116,262,66,256.6,208.2,66
1117,690,11,186.6,244.8,690
1118,368,511,243.4,153.4,368
1119,1301,152,141.4,271.4,152
1120,1301,152,141.4,271.4,152
1121,664,513,191.4,157.0,513
1122,320,1395,254.4,228.4,1395
1123,1097,152,212.4,276.0,152
1124,1361,905,131.6,179.8,905
1125,1174,1339,75.6,114.8,1174
1126,289,1211,281.6,226.2,289
1127,174,733,231.4,202.2,174
1128,1052,1211,286.4,225.6,1211
1129,553,309,233.6,177.0,553
1130,41,399,270.8,225.6,399
1131,152,338,279.8,270.8,152
1132,17,353,283.6,232.0,17
1133,698,947,195.2,208.6,698
1134,241,1318,86.0,134.2,241
1135,96,471,215.6,200.0,471
1136,957,224,171.0,166.4,957
1137,237,1044,123.4,164.4,1044
1138,990,1328,270.8,204.0,1328
1139,677,947,298.4,221.6,677
1140,421,346,243.6,182.6,421
1141,1156,961,188.0,240.0,961
1142,659,799,240.0,143.8,799
1143,659,799,240.0,143.8,799
1144,856,613,289.0,290.0,856
1145,1323,1185,208.0,182.2,1323
1146,701,716,329.0,311.8,701
1147,1052,335,285.8,208.8,1052
1148,1383,604,246.0,187.2,1383
1149,1348,772,200.0,127.4,1348
1150,701,1183,329.0,320.6,701
1151,659,804,240.0,214.0,804
1152,836,388,135.4,161.2,836
1153,1058,672,200.0,138.4,1058
1154,757,1209,316.6,240.4,1209
1155,352,128,257.4,204.8,352
1156,738,947,125.4,217.0,947
1157,38,731,136.2,201.6,731
1158,57,116,104.6,201.6,57
1159,57,116,104.6,201.6,57
1160,1383,837,245.0,227.8,1383
1161,659,670,240.0,161.0,659
1162,254,947,287.8,221.4,254
1163,677,547,290.4,207.2,677
1164,1005,799,257.6,154.8,1005
1165,1005,799,257.6,154.8,1005
1166,1392,1209,214.6,220.2,1209
1167,715,1106,239.8,190.2,1106
1168,171,979,212.8,130.6,979
1169,348,1048,281.2,265.2,348
1170,285,320,196.2,259.6,320
1171,696,687,146.8,162.8,687
1172,438,1199,176.0,222.0,1199
1173,97,985,176.0,174.4,985
1174,1328,303,208.6,124.6,1328
1175,571,816,284.0,208.6,571
1176,868,571,206.0,287.6,571
1177,993,571,268.2,289.6,993
1178,1088,1081,169.4,253.4,1081
1179,177,809,131.2,208.4,809
1180,796,801,352.6,320.4,801
1181,557,1081,252.0,250.0,1081
1182,92,328,122.6,205.8,328
1183,1018,757,243.0,315.0,1018
1184,1018,757,243.0,315.0,1018
1185,724,1195,139.6,113.4,724
1186,677,801,296.8,320.4,801
1187,258,1026,272.8,243.4,258
1188,375,210,239.6,219.2,375
1189,965,947,310.8,219.2,965
1190,54,1407,281.2,233.2,54
1191,54,1209,280.2,254.6,54
1192,92,328,126.8,217.4,328
1193,1233,698,259.0,205.6,698
1194,54,93,285.4,225.8,54
1195,1315,708,312.6,247.2,1315
1196,1196,947,150.4,219.6,947
1197,945,1280,230.0,259.0,945
1198,177,1084,132.8,159.6,177
1199,580,1054,150.4,227.6,1054
1200,394,636,129.4,99.2,394
1201,946,313,160.2,236.2,313
1202,593,140,315.2,222.2,593
1203,897,900,299.8,312.6,900
1204,593,129,316.0,251.6,593
1205,873,1343,106.2,211.2,1343
1206,873,1343,106.2,211.2,1343
1207,593,320,316.0,295.2,593
1208,433,121,307.2,291.4,433
1209,593,55,316.0,229.0,593
1210,668,340,165.2,200.4,340
1211,593,1080,316.0,283.6,593
1212,593,1080,316.0,283.6,593
1213,124,1299,282.6,194.0,124
1214,1178,1006,161.4,151.2,1178
1215,946,380,173.2,283.4,380
1216,946,380,173.2,283.4,380
1217,997,1331,268.0,171.4,997
1218,997,1331,268.0,171.4,997
1219,873,1360,113.2,130.6,873
1220,997,285,260.0,197.6,997
1221,593,405,309.6,206.4,593
1222,593,405,309.6,,593
1223,383,63,125.8,149.0,63
1224,490,896,263.8,190.0,490
1225,661,1233,271.4,249.6,1233
1226,881,576,325.6,289.4,881
1227,1361,9,130.4,165.4,9
1228,593,1169,307.2,278.6,1169
1229,873,947,134.0,215.8,947
1230,68,1233,269.8,253.8,68
1231,1050,1069,190.6,198.2,1069
1232,926,18,216.0,263.4,18
1233,997,1331,265.4,178.6,1331
1234,1294,871,247.6,153.4,1294
1235,371,490,187.0,272.2,490
1236,65,378,198.6,288.2,378
1237,1375,378,207.2,285.2,378
1238,227,935,114.0,195.8,227
1239,1375,227,209.2,117.4,1375
1240,545,175,100.4,204.0,
1241,545,175,100.4,204.0,175
1242,545,934,100.0,145.8,545
1243,862,663,175.4,176.0,663
1244,900,1054,307.8,237.2,900
1245,113,150,213.8,255.8,113
1246,1233,725,242.0,185.6,1233
1247,381,719,248.2,288.2,719
1248,515,59,265.8,179.6,515
1249,578,517,151.2,140.6,578
1250,580,227,140.8,117.4,580
1251,465,774,280.0,258.8,465
1252,1089,1308,224.8,230.4,1308
1253,1383,30,241.8,172.0,1383
1254,1361,245,145.0,141.4,245
1255,199,194,203.6,216.6,194
1256,897,711,301.2,339.4,711
1257,1039,905,256.6,200.2,1039
1258,1196,813,150.2,265.4,813
1259,1196,813,150.2,265.4,813
1260,705,737,227.0,249.6,705
1261,1021,1018,259.8,248.6,1018
1262,905,737,199.2,249.0,737
1263,576,59,282.0,180.8,576
1264,576,59,282.0,180.8,576
1265,1350,1265,296.8,273.8,1350
1266,668,470,163.4,213.6,470
1267,668,470,163.4,213.6,470
1268,162,1144,287.2,241.2,1144
1269,162,544,288.6,206.8,162
1270,706,1111,121.0,147.0,706
1271,1327,1134,282.4,208.8,1134
1272,967,1327,189.0,279.8,967
1273,516,1391,245.8,163.6,1391
1274,470,405,214.6,200.6,405
1275,737,1391,246.6,166.4,1391
1276,516,1308,240.2,228.6,1308
1277,737,903,239.4,271.2,737
1278,1159,903,209.6,265.2,1159
1279,303,873,124.4,,303
1280,1163,847,244.0,279.0,847
1281,544,1024,206.4,292.4,544
1282,1384,1024,196.2,292.4,1024
1283,163,124,223.8,282.2,124
1284,294,309,261.4,175.4,294
1285,648,1134,245.0,214.4,1134
1286,1263,1391,247.6,176.4,1391
1287,897,115,280.0,184.8,897
1288,635,1391,275.6,180.0,635
1289,635,1391,275.6,180.0,635
1290,1114,925,207.6,308.6,925
1291,1114,925,207.6,308.6,925
1292,1114,1247,207.4,133.0,1114
1293,1039,94,258.8,200.6,1039
1294,1265,976,271.0,183.8,1265
1295,1105,55,301.2,222.2,1105
1296,1389,364,165.8,172.0,364
1297,1139,1020,189.4,155.6,1139
1298,16,690,131.6,176.0,690
1299,990,690,261.0,176.8,990
1300,873,1020,122.8,154.0,1020
1301,157,873,169.4,118.8,157
1302,1152,947,186.8,218.6,1152
1303,708,405,254.6,203.4,405
1304,1328,134,217.8,,1328
1305,399,1134,,211.8,1134
1306,190,725,193.8,192.4,725
1307,897,1328,282.4,222.6,897
1308,124,725,279.6,198.0,725
1309,740,378,288.0,290.0,378
1310,690,697,170.4,155.0,690
1311,595,1391,269.6,179.6,595
1312,595,1391,269.6,179.6,595
1313,716,571,309.4,306.6,716
1314,1194,716,272.4,310.8,1194
1315,244,309,279.6,189.2,309
1316,104,688,303.8,328.6,104
1317,3,332,225.2,238.4,3
1318,706,140,121.4,215.6,140
1319,211,3,292.0,227.6,211
1320,716,688,307.8,331.8,716
1321,1314,574,174.0,132.8,1314
1322,764,414,192.4,208.4,764
1323,716,688,311.0,331.0,716
1324,188,781,203.6,246.6,188
1325,390,1314,242.0,181.6,390
1326,484,389,125.8,180.2,484
1327,711,294,338.4,267.2,294
1328,1263,27,250.2,190.8,1263
1329,1359,854,261.8,224.2,854
1330,677,791,304.6,264.0,791
1331,926,373,219.2,148.0,926
1332,677,926,301.8,223.2,677
1333,677,1139,300.8,205.6,677
1334,677,1139,300.8,205.6,677
1335,1252,1183,339.0,323.8,1252
1336,390,1092,240.0,147.2,390
1337,637,200,135.8,122.4,637
1338,919,783,146.6,139.8,783
1339,485,68,353.2,262.2,485
1340,990,758,266.0,180.4,990
1341,990,758,266.0,180.4,990
1342,522,309,252.4,198.6,522
1343,704,53,273.2,,704
1344,704,53,273.2,164.4,704
1345,649,14,201.0,162.8,649
1346,649,14,201.0,162.8,649
1347,3,146,231.8,170.0,3
1348,1021,1253,250.8,207.0,1253
1349,704,903,271.2,258.6,903
1350,1069,1185,181.2,167.8,1185
1351,613,129,287.4,247.4,129
1352,997,515,281.2,267.0,515
1353,813,571,266.4,306.2,571
1354,168,1360,129.4,122.0,168
1355,1384,1389,203.0,175.6,1384
1356,129,470,255.0,227.4,470
1357,1156,473,194.2,180.4,1156
1358,708,1344,235.4,203.0,708
1359,1254,679,184.6,233.0,1254
1360,93,825,226.2,289.2,825
1361,390,5,241.8,157.2,390
1362,266,942,184.2,194.6,266
1363,715,515,230.4,252.6,715
1364,1282,1364,89.2,160.6,1364
1365,883,871,222.4,134.2,883
1366,1018,876,242.4,157.0,876
1367,1018,876,242.4,157.0,876
1368,925,818,300.8,244.0,818
1369,1139,571,208.6,307.6,571
1370,1139,571,208.6,,571
1371,857,61,222.4,83.6,61
1372,857,61,222.4,83.6,61
1373,1347,925,246.0,294.0,925
1374,679,124,230.6,266.8,124
1375,542,96,312.0,225.0,542
1376,821,801,321.6,314.4,801
1377,542,1245,312.2,226.0,1245
1378,615,381,246.8,246.2,381
1379,730,759,202.8,202.2,730
1380,955,719,180.4,290.6,719
1381,955,719,180.4,290.6,719
1382,1380,45,84.8,178.4,45
1383,1380,45,84.8,178.4,45
1384,679,198,231.8,205.2,679
1385,925,431,299.4,311.4,431
1386,459,1139,217.8,207.6,1139
1387,1399,725,283.0,218.0,725
1388,1271,1309,162.8,271.2,1309
1389,1271,1309,162.8,271.2,1309
1390,926,950,229.8,173.2,926
1391,926,950,229.8,173.2,926
1392,289,1188,287.2,232.8,289
1393,289,1407,287.8,241.6,289
1394,381,68,244.4,269.4,68
1395,107,926,275.6,235.0,107
1396,901,359,138.2,217.2,359
1397,441,725,293.0,232.0,725
1398,852,409,137.6,200.0,852
1399,1013,871,162.0,127.6,1013
1400,1081,1018,247.2,236.0,1018
1401,1152,154,203.2,248.0,154
1402,289,414,289.4,220.4,289
1403,1021,716,247.4,315.8,716
1404,163,86,213.8,202.2,86
1405,1095,313,161.6,239.2,313
1406,884,684,303.0,250.0,884
1407,326,454,155.6,158.0,326
1408,926,1139,237.6,218.8,926
1409,575,399,134.0,223.0,399
1410,1021,1271,251.4,164.0,1021
1411,1021,1271,251.4,164.0,1021
1412,1194,671,277.6,265.8,1194
1413,575,1187,133.6,218.2,575
1414,677,684,295.8,248.8,677
1415,83,313,276.8,245.4,83
1416,701,813,321.8,272.8,701
1417,894,801,,310.6,894
1418,1130,1279,294.4,283.0,1279
1419,391,773,141.0,156.0,773
1420,205,688,340.8,323.6,205
1421,830,1269,294.8,199.6,830
1422,44,280,299.0,207.8,44
1423,701,813,321.8,275.0,701
1424,701,813,321.8,275.0,701
1425,44,1283,299.0,234.8,1283
1426,1080,50,302.8,256.4,1080
1427,575,630,130.0,175.6,575
1428,716,231,321.0,291.8,716
1429,1081,950,248.8,180.2,1081
1430,294,876,266.6,175.4,294
1431,1013,1123,171.4,217.2,1123
1432,1013,1123,171.4,217.2,1123
1433,896,724,181.6,156.8,896
1434,576,129,286.6,251.6,129
1435,390,1316,249.0,183.0,390
1436,801,1283,302.6,241.2,801
1437,838,1190,187.8,158.8,1190
1438,1081,893,259.4,161.6,1081
1439,768,1366,204.6,129.6,1366
1440,1081,87,263.6,289.6,87
1441,613,1013,280.2,184.4,613
1442,613,1013,280.2,184.4,613
1443,1051,564,149.0,154.8,1051
1444,663,1300,169.2,,663
1445,980,650,281.6,202.2,980
1446,290,588,249.0,272.4,588
1447,1156,1188,192.2,225.2,1188
1448,613,231,283.0,290.6,231
1449,997,1013,271.4,,997
1450,1081,206,262.2,198.4,1081
1451,588,1317,279.0,264.2,1317
1452,1377,1020,223.2,145.2,1377
1453,701,695,327.8,299.0,695
1454,39,673,108.0,211.0,673
1455,39,673,108.0,211.0,673
1456,42,320,210.6,254.0,320
1457,129,86,266.4,204.0,86
1458,1407,1040,239.2,228.0,1040
1459,781,874,236.4,168.4,781
1460,716,470,315.2,240.4,716
1461,141,971,107.6,132.8,971
1462,62,5,153.6,156.0,5
1463,1283,641,253.6,261.6,1283
1464,1355,641,180.6,259.2,641
1465,641,309,259.6,230.6,641
1466,1108,1281,172.4,251.2,1108
1467,39,673,108.0,211.8,673
1468,39,673,108.0,211.8,673
1469,166,1036,204.4,287.8,1036
1470,1052,530,283.0,191.8,1052
1471,390,1139,260.4,200.8,390
1472,61,1274,76.4,203.6,1274
1473,61,1274,76.4,203.6,1274
1474,68,1018,270.0,247.8,68
1475,621,686,271.6,199.6,621
1476,68,619,273.0,195.6,619
1477,651,20,161.6,221.0,20
1478,996,96,295.0,237.8,996
1479,863,1003,201.6,148.6,863
1480,1399,1018,280.0,239.2,1018
1481,937,1316,130.4,179.0,937
1482,571,55,302.2,222.0,571
1483,1152,1013,202.2,186.2,1013
1484,2,1246,291.0,212.2,1246
1485,701,1236,327.2,287.4,701
1486,430,1051,234.0,170.8,1051
1487,156,1133,121.4,200.8,1133
1488,529,308,202.6,194.6,308
1489,529,308,202.6,194.6,308
1490,1152,462,199.4,225.8,1152
1491,600,1121,246.8,203.8,600
1492,914,353,275.0,234.6,914
1493,914,353,275.0,234.6,914
1494,156,1371,121.2,133.4,1371
1495,96,1036,239.0,287.6,96
1496,728,1094,200.0,123.4,1094
1497,1101,855,103.6,127.0,1101
1498,376,1059,301.0,265.6,376
1499,386,1373,192.8,157.0,386
1500,471,1139,201.8,212.2,1139
1501,239,39,150.4,108.8,39
1502,518,1247,132.4,150.2,1247
1503,688,997,327.2,274.0,688
1504,688,997,327.2,274.0,688
1505,889,397,232.8,195.8,889
1506,600,989,238.8,182.2,600
1507,1139,1190,206.2,159.4,1139
1508,169,874,142.6,180.8,874
1509,1120,1308,285.4,247.2,1120
1510,874,1110,180.0,129.4,874
1511,874,1110,180.0,129.4,874
1512,636,617,102.8,208.6,636
1513,636,617,102.8,208.6,636
1514,998,195,200.8,140.6,998
1515,1198,795,123.8,115.2,1198
1516,597,754,146.2,175.8,597
1517,1361,1118,140.2,142.0,1361
1518,889,1368,247.6,176.6,889
1519,636,123,102.8,135.4,636
1520,257,415,272.2,214.2,257
1521,881,1407,331.0,238.0,881
1522,801,617,297.0,188.2,801
1523,801,617,297.0,188.2,801
1524,728,558,195.4,102.4,728
1525,209,921,124.6,148.2,209
1526,1139,73,203.2,159.6,1139
1527,1110,479,123.0,207.2,479
1528,844,1012,234.0,142.4,844
1529,376,757,296.4,309.8,757
1530,878,1047,270.2,229.0,1047
1531,150,470,249.8,244.6,150
1532,880,470,185.0,245.6,470
1533,813,571,268.0,302.2,813
1534,597,488,147.8,241.4,488
1535,813,874,270.8,204.2,813
1536,1067,1263,282.6,236.4,1263
1537,126,874,297.0,204.2,874
1538,859,20,257.0,230.2,20
1539,229,124,275.4,262.8,229
1540,700,1362,292.0,210.8,1362
1541,804,1319,217.0,182.8,804
1542,1263,874,245.6,209.2,1263
1543,688,757,326.8,321.0,757
1544,571,124,301.8,268.2,124
1545,1374,1226,155.0,113.4,1226
1546,602,86,277.8,215.0,602
1547,878,171,266.6,252.0,171
1548,330,1104,139.0,97.2,330
1549,92,1244,120.8,113.6,1244
1550,338,20,261.4,231.2,338
1551,739,1195,205.0,99.8,1195
1552,739,1195,205.0,99.8,1195
1553,878,514,264.4,249.0,514
1554,1017,171,298.4,258.0,171
1555,960,91,289.4,279.6,91
1556,28,874,176.2,209.0,874
1557,922,1195,180.4,99.8,1195
1558,922,1195,180.4,99.8,1195
1559,1114,571,205.6,295.6,571
1560,844,745,225.6,167.2,745
1561,1071,973,242.0,183.6,1071
1562,807,999,187.4,175.6,807
1563,1338,1236,158.2,252.6,1338
1564,1193,874,290.8,223.2,1193
1565,670,781,163.8,229.6,781
1566,1331,922,182.0,171.8,1331
1567,898,1309,190.6,284.8,1309
1568,92,132,113.0,119.2,92
1569,1196,781,156.8,234.0,781
1570,1196,781,156.8,234.0,781
1571,1139,1247,229.8,158.8,1247
1572,1139,1247,229.8,158.8,1247
1573,1178,327,161.2,154.2,327
1574,150,1247,252.6,162.2,150
1575,593,1236,308.8,263.6,593
1576,92,1079,115.2,182.8,1079
1577,278,1247,293.4,162.0,278
1578,278,1247,293.4,162.0,278
1579,6,165,149.2,132.8,165
1580,36,1007,263.6,274.6,36
1581,907,480,358.6,306.4,907
1582,907,68,359.0,274.6,907
1583,278,480,296.4,309.0,480
1584,129,1309,265.0,285.2,129
1585,993,945,259.6,228.8,945
1586,515,874,248.2,218.4,515
1587,18,927,285.8,243.0,18
1588,1243,192,179.0,138.4,1243
1589,670,515,160.8,257.6,515
1590,1233,320,254.6,288.6,1233
1591,1080,59,309.4,213.6,1080
1592,1080,59,309.4,213.6,1080
1593,1147,413,282.8,196.8,1147
1594,636,1388,100.0,149.8,1388
1595,897,593,292.6,310.4,897
1596,144,1042,172.4,128.8,144
1597,359,1185,212.6,175.6,1185
1598,900,405,309.8,210.0,900
1599,900,405,309.8,210.0,900
1600,661,327,271.8,181.4,661
1601,661,327,271.8,181.4,661
1602,1026,18,264.8,298.2,18
1603,661,275,272.8,251.4,275
1604,1112,1275,111.6,193.8,1112
1605,1396,1353,192.4,111.6,1353
1606,59,1236,211.8,254.4,1236
1607,1353,1371,114.2,142.2,1371
1608,858,872,267.0,232.6,858
1609,729,113,292.0,219.2,729
1610,661,9,271.0,176.2,661
1611,204,1362,150.6,218.6,1362
1612,1233,294,252.2,266.8,294
1613,1203,165,174.0,137.8,1203
1614,421,220,244.4,192.8,421
1615,849,248,183.0,226.2,248
1616,294,1013,271.0,184.6,294
1617,1265,599,264.2,188.0,1265
1618,1203,29,172.4,157.0,1203
1619,886,691,200.0,128.6,886
1620,997,1233,263.6,257.6,1233
1621,381,1247,248.6,163.8,381
1622,374,1183,294.4,326.2,1183
1623,858,1159,278.0,207.2,1159
1624,1016,204,138.4,149.8,204
1625,690,320,207.4,271.4,320
1626,1018,1092,244.2,175.2,1092
1627,741,1075,132.0,127.4,1075
1628,1242,1197,275.0,211.2,1242
1629,615,679,262.6,237.6,615
1630,960,1137,292.0,253.8,960
1631,1194,450,264.8,208.2,1194
1632,1188,690,222.2,214.2,690
1633,1196,781,138.4,244.2,781
1634,1196,781,138.4,244.2,781
1635,185,516,312.0,260.6,516
1636,220,1043,193.4,206.2,220
1637,390,728,248.2,183.0,390
1638,719,435,280.8,205.6,435
1639,677,876,280.0,187.0,876
1640,677,76,280.0,270.6,677
1641,68,435,276.2,210.6,68
1642,864,1210,243.0,156.2,864
1643,68,1092,278.4,190.4,68
1644,949,679,142.6,228.8,679
1645,1399,950,281.6,198.2,950
1646,1370,1009,134.4,200.0,1009
1647,376,950,288.2,201.8,376
1648,1052,181,273.0,184.6,1052
1649,1264,160,118.8,194.8,1264
1650,36,1103,261.4,190.4,1103
1651,1131,1018,157.4,251.4,1018
1652,1131,1018,157.4,251.4,1018
1653,298,522,289.4,253.2,298
1654,633,446,125.2,106.0,633
1655,1226,1142,113.4,143.0,1142
1656,278,950,301.6,207.0,278
1657,811,1252,314.6,338.8,811
1658,500,626,135.6,151.2,626
1659,1109,875,256.6,288.4,875
1660,781,874,234.8,206.0,874
1661,1193,351,282.4,174.8,1193
1662,1193,351,282.4,174.8,1193
1663,543,1321,193.2,236.8,543
1664,483,9,168.0,178.0,483
1665,992,1244,,93.6,992
1666,992,1244,204.6,93.6,992
1667,888,1314,271.4,191.2,888
1668,655,649,189.0,211.4,649
1669,238,1331,214.4,177.0,238
1670,521,280,182.0,219.2,280
1671,801,950,300.4,207.2,801
1672,37,280,291.8,220.2,280
1673,20,43,234.6,277.8,43
1674,649,1092,215.0,187.0,1092
1675,1094,952,133.2,209.4,1094
1676,760,697,216.4,157.8,760
1677,622,20,176.2,239.8,20
1678,920,725,325.4,243.6,920
1679,605,928,200.8,138.8,605
1680,299,1263,294.6,247.0,1263
1681,310,86,159.4,204.8,86
1682,1018,20,248.6,239.2,20
1683,515,771,249.0,100.8,515
1684,515,771,249.0,100.8,515
1685,1320,216,203.8,169.8,216
1686,883,1263,236.2,247.4,883
1687,824,1220,181.6,152.0,1220
1688,1401,688,331.0,318.0,1401
1689,722,86,189.4,204.8,86
1690,714,515,257.6,249.0,714
1691,299,1341,287.0,196.6,1341
1692,732,488,200.0,245.2,732
1693,737,327,249.4,191.6,737
1694,926,803,247.6,199.4,803
1695,844,236,200.0,119.0,844
1696,980,462,268.4,225.2,462
1697,559,783,171.6,125.8,783
1698,488,776,240.0,210.2,776
1699,1034,622,256.6,189.0,1034
1700,578,1268,156.0,183.6,578
1701,771,1241,102.8,143.2,771
1702,298,760,282.6,237.2,298
1703,733,982,214.0,248.2,982
1704,827,374,202.2,290.2,374
1705,39,1103,109.6,187.6,1103
1706,376,950,281.0,203.6,950
1707,590,1289,268.2,200.0,590
1708,1036,193,280.0,181.8,1036
1709,251,193,258.2,181.6,193
1710,225,760,330.6,235.2,760
1711,1036,66,275.6,211.0,66
1712,1063,1073,216.6,140.0,1073
1713,494,37,189.6,281.2,37
1714,494,37,189.6,281.2,37
1715,529,13,221.0,125.6,529
1716,529,13,221.0,125.6,529
1717,1018,840,246.0,229.8,840
1718,794,609,250.6,167.2,609
1719,126,982,294.8,253.0,126
1720,247,773,175.2,157.4,773
1721,247,773,175.2,157.4,773
1722,978,106,169.8,182.8,978
1723,448,231,164.8,261.2,231
1724,448,231,164.8,261.2,231
1725,417,1085,206.0,191.6,417
1726,699,298,313.4,275.8,298
1727,316,1233,309.4,269.4,316
1728,960,1134,303.8,251.8,1134
1729,186,1085,132.6,180.6,186
1730,177,181,117.4,189.0,181
1731,177,1089,117.0,203.0,1089
1732,186,86,137.0,200.0,86
1733,762,517,131.0,138.4,762
1734,13,583,120.4,185.8,13
1735,1298,1268,159.8,175.8,1268
1736,363,446,200.0,101.6,363
1737,363,446,200.0,101.6,363
1738,622,378,200.2,288.2,378
1739,1087,86,275.2,199.6,1087
1740,1252,42,325.4,236.6,1252
1741,246,1143,115.8,122.8,246
1742,378,950,281.8,218.6,378
1743,152,137,259.0,162.0,152
1744,186,137,138.6,165.0,137
1745,1073,549,137.0,145.8,1073
1746,1032,1322,161.6,185.8,1322
1747,1263,1336,253.0,182.2,1263
1748,1263,1336,253.0,182.2,1263
1749,641,725,258.6,248.4,725
1750,1384,158,195.8,205.6,1384
1751,558,1400,104.4,197.8,558
1752,800,783,176.8,118.0,783
1753,1018,622,258.2,209.6,622
1754,1204,90,161.6,156.4,90
1755,636,1125,93.4,200.0,636
1756,636,1125,93.4,200.0,636
1757,107,547,262.2,202.2,107
1758,234,434,252.4,192.4,234
1759,637,771,96.4,107.8,771
1760,1021,421,269.8,242.6,1021
1761,760,435,240.0,205.2,760
1762,1114,188,206.0,220.4,188
1763,850,210,307.0,227.2,850
1764,850,210,307.0,227.2,850
1765,38,1104,135.4,92.8,38
1766,336,994,114.6,156.2,994
1767,49,783,146.8,122.8,783
1768,576,129,289.4,275.6,576
1769,1008,1341,121.2,163.6,1341
1770,1139,685,186.4,163.4,1139
1771,835,1188,223.4,231.8,1188
1772,441,1337,282.2,291.8,441
1773,1194,37,268.6,285.8,1194
1774,991,569,231.0,221.4,569
1775,32,1236,160.8,240.4,1236
1776,179,772,213.2,126.4,179
1777,441,1139,282.6,189.2,441
1778,441,1139,282.6,189.2,441
1779,336,947,129.0,209.2,947
1780,1048,1391,265.4,185.2,1048
1781,219,23,121.4,174.0,219
1782,665,633,193.0,123.2,665
1783,1150,363,111.8,207.6,363
1784,1150,363,111.8,207.6,363
1785,1139,882,196.4,273.0,882
1786,381,507,248.6,237.2,507
1787,897,1236,292.2,243.4,897
1788,638,242,169.8,251.4,242
1789,638,242,169.8,251.4,242
1790,189,1034,253.4,254.8,1034
1791,1391,776,190.8,239.2,776
1792,1391,776,190.8,239.2,776
1793,1405,1173,213.8,133.6,1405
1794,560,934,188.6,144.8,560
1795,721,609,248.2,178.8,609
1796,589,441,226.0,286.4,441
1797,993,609,254.4,178.8,609
1798,993,713,250.8,178.2,993
1799,557,80,255.6,163.6,557
1800,557,80,255.6,163.6,557
1801,897,124,291.2,289.8,897
1802,262,101,267.6,195.0,262
1803,450,149,216.6,153.4,450
1804,1249,474,151.6,110.8,1249
1805,894,124,253.2,288.2,894
1806,1114,781,201.6,235.2,1114
1807,716,947,299.6,209.2,716
1808,1139,1247,194.2,167.8,1247
1809,810,396,293.0,,810
1810,1021,947,290.6,215.0,1021
1811,1052,392,302.6,244.4,392
1812,1055,1256,152.8,206.6,1256
1813,1380,929,86.2,184.6,929
1814,993,129,253.6,,993
1815,515,1302,240.0,143.8,515
1816,991,711,235.2,330.4,711
1817,1036,781,280.0,242.2,781
1818,859,876,276.4,214.0,876
1819,991,1314,234.8,184.8,991
1820,23,514,170.6,253.6,514
1821,598,833,137.0,180.0,833
1822,815,68,282.0,288.2,815
1823,1021,997,288.8,259.0,997
1824,1198,69,133.8,209.4,69
1825,5,150,175.2,246.6,150
1826,993,52,254.0,179.2,993
1827,1252,576,333.0,287.4,1252
1828,755,117,118.8,200.0,117
1829,528,52,234.8,182.8,52
1830,1407,416,240.8,169.6,1407
1831,1021,1233,285.0,276.8,1233
1832,993,183,254.2,153.6,993
1833,993,183,254.2,153.6,993
1834,1052,503,302.2,192.0,503
1835,1052,503,302.2,192.0,503
1836,298,572,285.0,240.0,298
1837,746,514,318.0,267.0,514
1838,716,1002,307.4,214.8,716
1839,488,52,241.2,190.2,488
1840,515,1236,242.6,243.4,515
1841,1398,488,164.6,241.2,488
1842,1193,829,276.8,198.8,829
1843,1193,829,276.8,198.8,829
1844,250,904,118.0,217.0,904
1845,250,904,118.0,217.0,904
1846,268,419,211.6,197.8,419
1847,1021,1040,279.0,241.0,1021
1848,1028,1110,180.8,114.8,1110
1849,1256,514,203.6,274.4,514
1850,1256,514,203.6,274.4,514
1851,1028,883,178.6,237.8,883
1852,109,1244,142.8,96.4,109
1853,1227,351,267.8,181.6,1227
1854,781,859,246.6,266.6,781
1855,347,690,294.0,218.0,690
1856,939,647,217.6,133.0,939
1857,1048,68,260.6,286.8,68
1858,1227,690,266.8,215.4,690
1859,133,416,119.4,166.6,416
1860,1194,1209,293.8,260.2,1194
1861,1361,1146,137.8,115.6,1361
1862,298,565,297.4,228.0,298
1863,1259,259,132.6,159.6,1259
1864,54,22,284.6,261.0,22
1865,963,18,268.2,306.6,963
1866,1193,432,269.8,,1193
1867,716,231,309.2,270.8,716
1868,298,1209,296.0,270.0,1209
1869,469,22,208.4,266.2,22
1870,129,149,240.0,145.6,129
1871,1021,709,281.0,205.6,1021
1872,653,432,186.6,180.8,653
1873,164,620,214.2,214.6,164
1874,420,161,277.2,186.4,420
1875,348,1123,282.4,216.6,1123
1876,348,1123,282.4,216.6,1123
1877,1332,922,151.4,173.4,1332
1878,104,164,307.0,221.6,104
1879,1355,1342,171.8,130.0,1355
1880,1237,915,130.4,130.2,1237
1881,1080,164,290.0,229.0,164
1882,591,858,285.6,274.6,858
1883,186,218,143.6,222.4,218
1884,1355,858,182.0,274.4,858
1885,979,432,144.6,164.8,979
1886,146,99,177.2,164.4,146
1887,593,781,304.4,239.4,593
1888,1355,1042,180.4,140.6,1355
1889,1407,965,231.0,333.8,965
1890,1407,965,231.0,333.8,965
1891,195,432,133.2,166.4,432
1892,214,164,183.8,221.6,164
1893,643,331,190.4,151.8,643
1894,1355,397,180.2,187.6,1355
1895,1161,1236,155.6,250.8,1236
1896,177,445,129.8,149.4,445
1897,856,953,279.6,199.4,856
1898,515,169,240.8,163.4,515
1899,1006,947,155.8,231.4,947
1900,593,231,312.4,282.2,593
1901,1036,277,272.0,199.2,1036
1902,593,874,314.0,221.0,593
1903,593,874,314.0,221.0,593
1904,489,936,221.2,311.6,936
1905,1139,78,196.8,190.4,1139
1906,33,147,113.4,161.2,33
1907,1102,78,140.2,174.0,1102
1908,1353,396,109.2,199.6,396
1909,1103,1029,195.2,249.6,1029
1910,489,280,223.2,229.0,489
1911,960,781,284.6,250.8,960
1912,1258,1142,222.0,159.6,1258
1913,661,1346,252.0,179.2,661
1914,781,515,256.0,242.6,781
1915,84,874,163.2,206.8,84
1916,571,874,297.6,217.4,874
1917,571,874,297.6,217.4,874
1918,176,1226,146.0,124.4,1226
1919,960,881,,328.0,960
1920,1103,874,193.0,219.2,874
1921,547,9,213.8,179.6,9
1922,897,859,290.8,258.6,859
1923,1055,1406,148.2,132.8,1055
1924,266,418,184.6,247.4,418
1925,625,871,163.8,121.8,625
1926,897,418,286.0,249.0,897
1927,1135,674,104.2,200.0,674
1928,661,702,248.2,280.0,702
1929,609,150,186.6,249.2,150
1930,605,1177,206.6,194.8,1177
1931,1214,1177,215.0,201.8,1177
1932,488,871,240.0,129.4,488
1933,488,871,240.0,129.4,488
1934,488,252,244.6,166.6,488
1935,571,1231,295.4,228.2,571
1936,897,1021,289.2,282.0,1021
1937,990,1231,271.8,220.4,1231
1938,1139,873,195.4,128.4,1139
1939,954,421,273.4,245.0,954
1940,990,572,262.0,240.0,572
1941,826,636,205.0,91.8,826
1942,826,636,205.0,91.8,826
1943,1224,890,134.2,131.0,1224
1944,636,618,90.4,200.0,618
1945,636,618,90.4,200.0,618
1946,299,627,282.4,260.6,627
1947,1108,1261,169.2,142.8,1108
1948,623,1108,175.8,169.2,1108
1949,715,298,254.4,283.6,298
1950,1381,470,149.0,242.6,470
1951,1381,470,149.0,242.6,470
1952,1171,1089,304.0,215.8,1171
1953,1171,825,304.0,269.4,1171
1954,695,298,311.2,283.2,695
1955,1036,411,281.4,201.8,1036
1956,897,1130,290.6,282.0,1130
1957,1115,641,242.6,255.2,641
1958,1266,609,285.0,189.4,1266
1959,576,828,291.2,205.8,576
1960,576,828,291.2,205.8,576
1961,1096,317,204.8,109.0,1096
1962,1266,622,285.0,242.4,622
1963,812,320,172.2,251.6,320
1964,445,1043,150.8,185.6,1043
1965,648,124,240.6,280.4,124
1966,1113,516,260.6,275.4,1113
1967,516,416,273.0,174.6,516
1968,163,516,239.4,273.0,163
1969,1139,928,186.4,143.2,1139
1970,1146,1139,119.0,187.2,1139
1971,695,923,294.4,211.0,695
1972,925,104,297.4,320.0,104
1973,320,1043,251.4,182.2,320
1974,1348,190,194.6,222.2,190
1975,466,734,113.0,128.6,734
1976,404,779,142.4,148.6,779
1977,672,1051,146.0,165.6,1051
1978,207,890,121.6,105.2,207
1979,1049,577,126.8,139.2,577
1980,314,773,199.4,165.6,314
1981,1350,850,297.2,317.0,850
1982,1080,376,295.8,266.6,376
1983,1015,1043,200.0,168.4,1015
1984,516,1029,266.4,254.8,1029
1985,695,462,298.8,243.6,695
1986,695,1002,299.6,221.4,695
1987,475,1045,218.0,240.0,475
1988,875,60,294.6,219.8,875
1989,1134,956,255.0,267.8,956
1990,516,1069,260.4,192.8,1069
1991,1054,1051,238.8,186.6,1054
1992,1069,1336,196.4,198.8,1336
1993,1102,194,142.8,218.2,194
1994,1102,194,142.8,218.2,194
1995,1045,752,240.4,180.0,752
1996,515,883,245.8,223.0,515
1997,369,890,129.0,91.6,369
1998,503,1193,196.0,274.2,1193
1999,590,825,272.6,268.4,825
2000,1126,720,219.2,126.6,1126
2001,516,846,243.4,172.6,516
2002,806,1361,136.6,128.0,1361
2003,376,553,268.8,245.8,376
2004,167,890,199.4,93.0,167
2005,167,890,199.4,93.0,167
2006,46,124,178.6,271.8,124
2007,879,594,288.4,228.0,594
2008,433,462,321.0,242.8,433
2009,46,183,180.2,155.6,46
2010,977,538,155.2,159.2,977
2011,921,1091,127.2,200.0,921
2012,1188,1179,240.0,232.0,1179
2013,270,1137,161.8,257.2,1137
2014,1052,874,306.6,229.0,874
2015,707,1263,214.0,269.4,1263
2016,516,672,240.8,145.8,516
2017,651,883,169.8,222.4,651
2018,1316,1103,179.8,201.8,1316
2019,826,1263,198.2,270.2,1263
2020,875,1171,295.2,304.6,875
2021,1137,1314,259.2,197.0,1137
2022,785,890,209.8,99.4,785
2023,785,890,209.8,99.4,785
2024,1137,414,261.4,240.4,1137
2025,40,79,154.8,239.2,79
2026,1305,926,144.8,245.0,926
2027,1305,926,144.8,245.0,926
2028,1061,1263,266.2,268.8,1263
2029,1233,462,272.2,242.6,1233
2030,1021,1103,275.6,211.4,1021
2031,712,890,197.0,97.8,890
2032,712,890,197.0,97.8,890
2033,1310,274,170.0,186.4,1310
2034,607,462,175.2,235.0,462
2035,1080,874,288.6,238.4,1080
2036,510,1263,195.0,268.8,510
2037,414,223,239.0,173.4,414
2038,781,155,251.4,297.8,155
2039,1146,577,118.8,154.4,1146
2040,465,450,280.0,226.2,450
2041,781,432,251.4,182.6,432
2042,1237,874,136.0,232.0,874
2043,1237,874,136.0,232.0,874
2044,381,1006,232.8,170.0,1006
2045,932,890,149.0,97.4,932
2046,1408,121,205.6,272.0,121
2047,1060,1284,260.0,188.8,1284
2048,198,1263,211.6,263.2,1263
2049,287,825,198.8,270.8,825
2050,1081,235,264.2,288.4,235
2051,1134,18,266.0,315.4,1134
2052,914,86,273.8,225.8,914
2053,441,455,277.2,204.2,441
2054,77,488,185.0,243.2,488
2055,1309,231,247.2,264.4,231
2056,576,419,282.0,231.6,576
2057,184,1269,250.8,191.8,184
2058,1194,936,300.0,315.4,1194
2059,1138,743,250.2,156.6,1138
2060,718,1149,192.0,184.0,718
2061,946,1236,159.0,246.4,1236
2062,1382,890,200.8,98.6,1382
2063,1176,1236,212.6,243.8,1176
2064,272,765,119.6,111.6,272
2065,1252,155,333.4,293.6,1252
2066,543,994,202.0,156.8,543
2067,543,994,202.0,156.8,543
2068,850,726,314.2,220.4,850
2069,1384,475,214.2,222.8,1384
2070,701,22,329.0,286.0,701
2071,529,1213,212.6,199.6,1213
2072,366,820,275.2,217.4,366
2073,997,781,286.2,245.8,781
2074,1377,1023,209.6,172.6,1377
2075,1398,752,165.8,181.6,752
2076,1384,1092,225.8,196.4,1092
2077,131,1170,215.0,115.2,131
2078,131,1170,215.0,115.2,131
2079,13,131,118.0,215.0,131
2080,1255,890,200.0,92.2,1255
2081,1255,890,200.0,92.2,1255
2082,1080,1010,283.6,307.4,1010
2083,781,450,236.0,221.6,781
2084,441,18,284.6,319.4,18
2085,588,1284,272.4,205.6,588
2086,1384,1052,232.4,302.2,1052
2087,348,521,280.0,176.2,521
2088,1171,587,305.0,184.2,1171
2089,1171,587,305.0,184.2,1171
2090,267,891,222.4,142.8,267
2091,736,13,134.8,121.2,736
2092,912,1206,203.0,133.4,912
2093,614,571,295.2,300.0,571
2094,525,588,202.2,274.4,588
2095,525,588,202.2,274.4,588
2096,1160,588,177.4,273.4,588
2097,588,1284,273.4,,588
2098,644,1202,136.2,,644
2099,272,1093,121.8,148.0,1093
2100,1256,966,216.0,299.2,1256
2101,488,86,240.4,216.4,488
2102,1146,5,125.6,167.4,5
2103,839,1019,,168.0,839
2104,337,890,190.6,98.0,890
2105,1123,1092,221.2,198.8,1092
2106,1233,1236,281.2,260.4,1233
2107,918,689,127.6,135.8,918
2108,801,726,297.6,226.6,801
2109,436,693,134.0,210.4,693
2110,187,131,176.4,223.2,131
2111,13,918,118.2,130.0,918
2112,900,781,302.6,244.4,900
2113,22,1251,261.4,174.2,22
2114,1307,1171,285.0,305.0,1171
2115,671,231,264.4,269.2,671
2116,1114,155,201.8,300.4,1114
2117,1114,155,201.8,300.4,1114
2118,1114,231,201.8,279.0,231
2119,366,631,261.4,282.8,366
